id,date,journal_id,ref,line_ids/account_id,line_ids/partner_id,line_ids/name,line_ids/debit,line_ids/credit
reprise.move_ouverture,2026-08-06,Opérations diverses,Balance d'ouverture,101401,,Solde bancaire à la reprise,12000.00,0.00
,,,,121000,Deco Addict,Solde client à la reprise,1800.00,0.00
,,,,121000,Wood Corner,Solde client à la reprise,950.00,0.00
,,,,121000,Azure Interior,Solde client à la reprise,2400.00,0.00
,,,,121000,Gemini Furniture,Solde client à la reprise,640.00,0.00
,,,,110100,,Stock initial valorisé,8841.00,0.00
,,,,211000,Ready Mat,Solde fournisseur à la reprise,0.00,1250.00
,,,,211000,Lumber Inc,Solde fournisseur à la reprise,0.00,480.00
,,,,999999,,Contrepartie de la balance d'ouverture,0.00,24901.00
